SENSATIONALISM,biden,harris,pence,trump
no,7.000000000000001,3.6999999999999997,2.4699999999999998,86.83
yes,14.29,2.86,0.0,82.86
All,7.91,3.5999999999999996,2.16,86.33
