Variable,Source,ddof1,ddof2,F,p-unc,np2
Likes,MediaType,2,97,10.925311226118046,5.2584563534492484e-05,0.18384945742305608
Comments,MediaType,2,97,2.6884735741799184,0.07305057366436996,0.05252107332882098
MediaIntegrity,MediaType,2,97,12.478451540808877,1.5045939647951068e-05,0.20463706810360488
Presentation,MediaType,2,97,60.2764899127712,9.694487520800981e-18,0.5541315955415315
