TWEETEMOTIONALFRAMES,cnn2016,cnn2020,fox2016,fox2020
3,71.43,0.0,28.57,0.0
negative,37.14,30.0,7.140000000000001,25.71
positive,10.61,43.94,9.09,36.36
All,29.360000000000003,33.89,8.110000000000001,28.64
