Variable,Source,ddof1,ddof2,F,p-unc,np2
Likes,Publisher,5,989,11.493340165530507,8.347688707019377e-11,0.05491498275310815
CharacterNum,Publisher,5,985,1.1248483687796347,0.34531067029153145,0.005677472452551225
CommLength,Publisher,5,990,0.6960393290820138,0.6265140550431018,0.003503035749641832
Sentiment,Publisher,5,973,13.373117265173928,1.2525051274566098e-12,0.06430214366659069
Focus,Publisher,5,988,3.9135764469929946,0.0016145352007439868,0.01942090709715749
Alignment,Publisher,5,534,8.558596664257246,8.238514904437811e-08,0.07419123421868953
